CELL TYPE	GENE	GENE ID	SNP ID	CHR	POS	ASSESSED ALLELE	OTHER ALLELE	CORR COEF	P-VALUE	FDR
BimmNaive	HSPA1B	ENSG00000204388	rs3899471	6	31215037	C	T	-0.20538012295060898	8.18518043407927e-11	6.26165245763518e-07
BimmNaive	HLA-DQB1	ENSG00000179344	rs2856695	6	32651894	G	A	-0.22648233224322098	6.88345959190822e-13	6.26165245763518e-07
BimmNaive	C6orf25	ENSG00000204420	rs17202773	6	32428078	C	G	-0.184736659423341	5.4778843360397e-09	6.26165245763518e-07
BimmNaive	HLA-DQB1	ENSG00000179344	rs9275148	6	32651585	C	T	-0.226506892320001	6.84330384902077e-13	6.26165245763518e-07
BimmNaive	C6orf25	ENSG00000204420	rs17209133	6	32428092	G	C	-0.184736659423341	5.4778843360397e-09	6.26165245763518e-07
BimmNaive	HLA-DQB1	ENSG00000179344	rs9275145	6	32651363	T	C	-0.22648233224322098	6.88345959190822e-13	6.26165245763518e-07
BimmNaive	HLA-DQB1	ENSG00000179344	rs9275141	6	32651117	G	T	-0.229348477172492	3.4616554385390505e-13	6.26165245763518e-07
BimmNaive	HLA-DQB1	ENSG00000179344	rs9275139	6	32651005	A	C	-0.229348477172492	3.4616554385390505e-13	6.26165245763518e-07
BimmNaive	C6orf25	ENSG00000204420	rs9791337	6	32428500	T	G	-0.184736659423341	5.4778843360397e-09	6.26165245763518e-07
BimmNaive	HLA-DQB1	ENSG00000179344	rs3998180	6	32650897	A	C	0.26070012115721697	1.0141416741499301e-16	6.26165245763518e-07
