CELL TYPE	GENE	GENE ID	SNP ID	CHR	POS	ASSESSED ALLELE	OTHER ALLELE	CORR COEF	P-VALUE	FDR
Bmem	HLA-DQA2	ENSG00000237541	rs9271520	6	32589771	G	A	0.7539849761799949	4.7031941865929084e-181	9.2170828840468e-07
Bmem	MSH5	ENSG00000204410	rs9264732	6	31244181	T	C	0.273521957202099	2.60670882991641e-18	9.2170828840468e-07
Bmem	MSH5	ENSG00000204410	rs9264731	6	31244068	A	G	0.273521957202099	2.60670882991641e-18	9.2170828840468e-07
Bmem	MSH5	ENSG00000204410	rs2524074	6	31244021	A	G	0.18704461852399104	3.50241104929013e-09	9.2170828840468e-07
Bmem	MSH5	ENSG00000204410	rs2844611	6	31243979	A	T	0.18704461852399104	3.50241104929013e-09	9.2170828840468e-07
Bmem	MSH5	ENSG00000204410	rs2844612	6	31243971	G	A	0.18704461852399104	3.50241104929013e-09	9.2170828840468e-07
Bmem	MSH5	ENSG00000204410	rs2040748	6	31243785	T	G	0.20177205887931898	1.76408173061197e-10	9.2170828840468e-07
Bmem	MSH5	ENSG00000204410	rs3931670	6	31243767	C	G	0.188248977153978	2.76711191699435e-09	9.2170828840468e-07
Bmem	FKBPL	ENSG00000204315	rs17202449	6	32363722	G	A	-0.22507877399359502	9.60563846576713e-13	9.2170828840468e-07
Bmem	MSH5	ENSG00000204410	rs3130694	6	31243197	G	A	0.274134739341909	2.17741217694776e-18	9.2170828840468e-07
