CELL TYPE	GENE	GENE ID	SNP ID	CHR	POS	ASSESSED ALLELE	OTHER ALLELE	CORR COEF	P-VALUE	FDR
CD4all	XXbac-BPG299F13.17	ENSG00000272501	rs28752921	6	31303873	C	T	0.202879259926338	1.39584100209516e-10	8.476056888344391e-07
CD4all	HLA-G	ENSG00000204632	rs765649	6	29831058	A	T	-0.19768916404561396	4.1351211538048996e-10	8.476056888344391e-07
CD4all	HLA-G	ENSG00000204632	rs1611732	6	29831008	T	C	-0.19768916404561396	4.1351211538048996e-10	8.476056888344391e-07
CD4all	HLA-G	ENSG00000204632	rs1611729	6	29830823	T	C	-0.19768916404561396	4.1351211538048996e-10	8.476056888344391e-07
CD4all	HLA-G	ENSG00000204632	rs1611728	6	29830800	C	T	-0.19768916404561396	4.1351211538048996e-10	8.476056888344391e-07
CD4all	HLA-G	ENSG00000204632	rs9258777	6	29830768	C	G	-0.19768916404561396	4.1351211538048996e-10	8.476056888344391e-07
CD4all	HLA-G	ENSG00000204632	rs9258772	6	29830660	C	G	-0.19768916404561396	4.1351211538048996e-10	8.476056888344391e-07
CD4all	HLA-G	ENSG00000204632	rs1611724	6	29830570	A	G	-0.19768916404561396	4.1351211538048996e-10	8.476056888344391e-07
CD4all	HLA-G	ENSG00000204632	rs2517829	6	29830529	G	C	0.305554104891623	1.14616333307031e-22	8.476056888344391e-07
CD4all	HLA-G	ENSG00000204632	rs1611723	6	29830505	G	A	-0.27204731333833804	4.01189059233509e-18	8.476056888344391e-07
