CELL TYPE	GENE	GENE ID	SNP ID	CHR	POS	ASSESSED ALLELE	OTHER ALLELE	CORR COEF	P-VALUE	FDR
CD4effCM	PPT2	ENSG00000221988	rs3129966	6	32381280	C	G	-0.22302158460929003	1.55920293625246e-12	8.99298718205185e-07
CD4effCM	HLA-B	ENSG00000234745	rs9461681	6	31251040	A	G	-0.313762866630596	7.101357408901979e-24	8.99298718205185e-07
CD4effCM	HLA-B	ENSG00000234745	rs3873374	6	31251311	C	T	-0.313762866630596	7.101357408901979e-24	8.99298718205185e-07
CD4effCM	HLA-B	ENSG00000234745	rs6921855	6	31251312	C	T	-0.210781131822073	2.52501785356328e-11	8.99298718205185e-07
CD4effCM	HLA-B	ENSG00000234745	rs3873375	6	31251360	T	C	-0.313762866630596	7.101357408901979e-24	8.99298718205185e-07
CD4effCM	HLA-B	ENSG00000234745	rs2253842	6	31251418	A	G	0.24138031957385897	1.7451357590709203e-14	8.99298718205185e-07
CD4effCM	HLA-B	ENSG00000234745	rs2394963	6	31251462	T	C	-0.313762866630596	7.101357408901979e-24	8.99298718205185e-07
CD4effCM	HLA-B	ENSG00000234745	rs2394964	6	31251542	T	C	-0.313762866630596	7.101357408901979e-24	8.99298718205185e-07
CD4effCM	HLA-B	ENSG00000234745	rs2844602	6	31251576	T	C	0.24138031957385897	1.7451357590709203e-14	8.99298718205185e-07
CD4effCM	HLA-B	ENSG00000234745	rs6899660	6	31251643	G	A	-0.210781131822073	2.52501785356328e-11	8.99298718205185e-07
