CELL TYPE	GENE	GENE ID	SNP ID	CHR	POS	ASSESSED ALLELE	OTHER ALLELE	CORR COEF	P-VALUE	FDR
CD4TGFbStim	HLA-DRB5	ENSG00000198502	rs9271089	6	32576177	G	T	-0.263526317071933	4.42042092404033e-15	3.5349233571723703e-07
CD4TGFbStim	IER3	ENSG00000137331	rs9357095	6	30242128	G	A	-0.284609802464442	1.9626231458363198e-17	3.5349233571723703e-07
CD4TGFbStim	IER3	ENSG00000137331	rs9393999	6	30241114	G	A	-0.284609802464442	1.9626231458363198e-17	3.5349233571723703e-07
CD4TGFbStim	IER3	ENSG00000137331	rs9368628	6	30238559	G	A	-0.284609802464442	1.9626231458363198e-17	3.5349233571723703e-07
CD4TGFbStim	IER3	ENSG00000137331	rs9261639	6	30237859	A	G	0.208514239751591	7.13251618288673e-10	3.5349233571723703e-07
CD4TGFbStim	IER3	ENSG00000137331	rs9378145	6	30236331	C	G	-0.284609802464442	1.9626231458363198e-17	3.5349233571723703e-07
CD4TGFbStim	IER3	ENSG00000137331	rs2516701	6	30230518	A	G	0.19493385613795197	8.73856585172111e-09	3.5349233571723703e-07
CD4TGFbStim	IER3	ENSG00000137331	rs9391679	6	30228652	A	C	-0.284609802464442	1.9626231458363198e-17	3.5349233571723703e-07
CD4TGFbStim	IER3	ENSG00000137331	rs2021107	6	30228138	A	G	0.19493385613795197	8.73856585172111e-09	3.5349233571723703e-07
CD4TGFbStim	IER3	ENSG00000137331	rs2894145	6	30242904	A	G	-0.284609802464442	1.9626231458363198e-17	3.5349233571723703e-07
