CELL TYPE	GENE	GENE ID	SNP ID	CHR	POS	ASSESSED ALLELE	OTHER ALLELE	CORR COEF	P-VALUE	FDR
CD8all	POU5F1	ENSG00000204531	rs2905737	6	31453143	A	G	0.19149940542798002	1.45366810104225e-09	1.0527864487360901e-06
CD8all	FAM26F	ENSG00000188820	rs9400930	6	116843303	T	C	-0.205710082635103	7.624696960192829e-11	1.0527864487360901e-06
CD8all	FAM26F	ENSG00000188820	rs2640871	6	116844079	G	A	0.310074787180401	2.5047158277166198e-23	1.0527864487360901e-06
CD8all	FAM26F	ENSG00000188820	rs952783	6	116844531	A	G	0.310074787180401	2.5047158277166198e-23	1.0527864487360901e-06
CD8all	FAM26F	ENSG00000188820	rs967806	6	116845150	T	C	-0.205710082635103	7.624696960192829e-11	1.0527864487360901e-06
CD8all	FAM26F	ENSG00000188820	rs2753110	6	116845234	T	C	0.310074787180401	2.5047158277166198e-23	1.0527864487360901e-06
CD8all	FAM26F	ENSG00000188820	rs3178185	6	116845940	A	G	0.310074787180401	2.5047158277166198e-23	1.0527864487360901e-06
CD8all	FAM26F	ENSG00000188820	rs12192126	6	116846419	G	A	0.310074787180401	2.5047158277166198e-23	1.0527864487360901e-06
CD8all	FAM26F	ENSG00000188820	rs9374608	6	116848919	G	A	0.310074787180401	2.5047158277166198e-23	1.0527864487360901e-06
CD8all	FAM26F	ENSG00000188820	rs2145335	6	116849539	T	C	0.20673701458945	6.10963722617481e-11	1.0527864487360901e-06
