CELL TYPE	GENE	GENE ID	SNP ID	CHR	POS	ASSESSED ALLELE	OTHER ALLELE	CORR COEF	P-VALUE	FDR
CD8eff	HLA-DRB5	ENSG00000198502	rs241438	6	32797620	T	C	-0.21400447408868398	1.23253476559437e-11	9.602426557566759e-07
CD8eff	ZNRD1	ENSG00000066379	rs12662947	6	29954111	C	T	0.202363047951429	1.55709713772935e-10	9.602426557566759e-07
CD8eff	ZNRD1	ENSG00000066379	rs73428152	6	29953803	A	C	0.20251714620103198	1.50714611508861e-10	9.602426557566759e-07
CD8eff	ZNRD1	ENSG00000066379	rs73428151	6	29953734	G	A	0.202363047951429	1.55709713772935e-10	9.602426557566759e-07
CD8eff	ZNRD1	ENSG00000066379	rs73725912	6	29953718	A	G	0.202363047951429	1.55709713772935e-10	9.602426557566759e-07
CD8eff	ZNRD1	ENSG00000066379	rs73725911	6	29953716	C	T	0.20251714620103198	1.50714611508861e-10	9.602426557566759e-07
CD8eff	ZNRD1	ENSG00000066379	rs73725910	6	29953628	A	G	0.20251714620103198	1.50714611508861e-10	9.602426557566759e-07
CD8eff	ZNRD1	ENSG00000066379	rs73725909	6	29953626	T	C	0.202363047951429	1.55709713772935e-10	9.602426557566759e-07
CD8eff	ZNRD1	ENSG00000066379	rs73725908	6	29953598	C	G	0.20251714620103198	1.50714611508861e-10	9.602426557566759e-07
CD8eff	ZNRD1	ENSG00000066379	rs11756025	6	29953442	T	C	0.202363047951429	1.55709713772935e-10	9.602426557566759e-07
