CELL TYPE	GENE	GENE ID	SNP ID	CHR	POS	ASSESSED ALLELE	OTHER ALLELE	CORR COEF	P-VALUE	FDR
CD8unknown	FKBPL	ENSG00000204315	rs4711269	6	31354819	T	C	-0.220055383175598	3.18862728338928e-12	6.45632274685135e-07
CD8unknown	FKBPL	ENSG00000204315	rs615719	6	32574204	A	G	0.261443667756813	8.54721442361162e-17	6.45632274685135e-07
CD8unknown	FKBPL	ENSG00000204315	rs616187	6	32574305	A	G	0.24343708098071803	1.0624211929055401e-14	6.45632274685135e-07
CD8unknown	XXbac-BPG181B23.7	ENSG00000272221	rs28361039	6	31978746	A	G	0.186524436231702	3.94695429409914e-09	6.45632274685135e-07
CD8unknown	FKBPL	ENSG00000204315	rs617058	6	32574479	T	G	0.245234066319292	6.67838044512596e-15	6.45632274685135e-07
CD8unknown	FKBPL	ENSG00000204315	rs618095	6	32574736	A	G	0.24844812347689102	2.88395008257028e-15	6.45632274685135e-07
CD8unknown	FKBPL	ENSG00000204315	rs2858867	6	32575325	G	A	0.251133366053136	1.41676206461969e-15	6.45632274685135e-07
CD8unknown	FKBPL	ENSG00000204315	rs2858866	6	32575391	C	G	0.251133366053136	1.41676206461969e-15	6.45632274685135e-07
CD8unknown	FKBPL	ENSG00000204315	rs486912	6	32575493	G	C	0.251133366053136	1.41676206461969e-15	6.45632274685135e-07
CD8unknown	FKBPL	ENSG00000204315	rs3021303	6	32575746	T	G	0.251133366053136	1.41676206461969e-15	6.45632274685135e-07
