CELL TYPE	GENE	GENE ID	SNP ID	CHR	POS	ASSESSED ALLELE	OTHER ALLELE	CORR COEF	P-VALUE	FDR
DC	HSPA1B	ENSG00000204388	rs2856670	6	32662904	C	G	-0.32198349421977	8.68824365811575e-25	5.35329946317874e-07
DC	VARS2	ENSG00000137411	rs6941772	6	31048916	G	C	-0.20240022893629503	2.08473116064316e-10	5.35329946317874e-07
DC	VARS2	ENSG00000137411	rs6921557	6	31049022	C	T	-0.20240022893629503	2.08473116064316e-10	5.35329946317874e-07
DC	VARS2	ENSG00000137411	rs532036272	6	31049790	C	T	-0.20396666696298899	1.5016797111411299e-10	5.35329946317874e-07
DC	VARS2	ENSG00000137411	rs9263472	6	31050039	A	T	-0.21164238364154897	2.8963163788828703e-11	5.35329946317874e-07
DC	VARS2	ENSG00000137411	rs9263473	6	31050179	G	A	-0.20240022893629503	2.08473116064316e-10	5.35329946317874e-07
DC	VARS2	ENSG00000137411	rs9263474	6	31050244	C	A	-0.20240022893629503	2.08473116064316e-10	5.35329946317874e-07
DC	VARS2	ENSG00000137411	rs9263466	6	31048625	G	A	-0.20240022893629503	2.08473116064316e-10	5.35329946317874e-07
DC	VARS2	ENSG00000137411	rs3925616	6	31050611	G	A	-0.20240022893629503	2.08473116064316e-10	5.35329946317874e-07
DC	VARS2	ENSG00000137411	rs2535317	6	31051854	T	C	-0.20396666696298899	1.5016797111411299e-10	5.35329946317874e-07
