CELL TYPE	GENE	GENE ID	SNP ID	CHR	POS	ASSESSED ALLELE	OTHER ALLELE	CORR COEF	P-VALUE	FDR
MonoC	XXbac-BPG181B23.7	ENSG00000272221	rs1150752	6	32064726	C	T	-0.18424829489944602	7.579581430983929e-09	9.42120004200497e-07
MonoC	HLA-B	ENSG00000234745	rs9266303	6	31329609	T	G	0.19386629297842897	1.1660271289990597e-09	9.42120004200497e-07
MonoC	HLA-B	ENSG00000234745	rs2523570	6	31329734	T	C	0.18915964923989198	2.9499345412733196e-09	9.42120004200497e-07
MonoC	XXbac-BPG252P9.10	ENSG00000272273	rs1264706	6	30063652	C	G	0.21502455712559498	1.3415647374833201e-11	9.42120004200497e-07
MonoC	VARS2	ENSG00000137411	rs2523856	6	31021630	T	C	-0.20180387321981896	2.31071851143158e-10	9.42120004200497e-07
MonoC	VARS2	ENSG00000137411	rs2517527	6	31021547	G	A	-0.19575681490265898	7.978586019308298e-10	9.42120004200497e-07
MonoC	VARS2	ENSG00000137411	rs2523857	6	31021504	C	T	-0.190158096470115	2.4274414474147e-09	9.42120004200497e-07
MonoC	VARS2	ENSG00000137411	rs2428516	6	31021325	C	T	-0.19620776047370397	7.28411492160872e-10	9.42120004200497e-07
MonoC	HLA-B	ENSG00000234745	rs9266380	6	31334477	A	G	0.193708168917113	1.20341802343916e-09	9.42120004200497e-07
MonoC	HLA-B	ENSG00000234745	rs9266391	6	31335351	T	C	0.193708168917113	1.20341802343916e-09	9.42120004200497e-07
