CELL TYPE	GENE	GENE ID	SNP ID	CHR	POS	ASSESSED ALLELE	OTHER ALLELE	CORR COEF	P-VALUE	FDR
MonoNC	LTA	ENSG00000226979	rs9265668	6	31300796	A	G	0.216160041382416	2.4488963882547197e-11	7.34223186799372e-07
MonoNC	FKBPL	ENSG00000204315	rs3129882	6	32409530	A	G	-0.19359546289972	2.44411362428615e-09	7.34223186799372e-07
MonoNC	LY6G5C	ENSG00000204428	rs3129950	6	32358201	C	G	-0.42475552828400603	3.31998544264315e-42	7.34223186799372e-07
MonoNC	FKBPL	ENSG00000204315	rs3129883	6	32410137	C	T	-0.21614308517135103	2.4578720621986802e-11	7.34223186799372e-07
MonoNC	FKBPL	ENSG00000204315	rs3129886	6	32410576	C	T	-0.21614308517135103	2.4578720621986802e-11	7.34223186799372e-07
MonoNC	FKBPL	ENSG00000204315	rs9268659	6	32410941	C	T	-0.28316439991712106	1.10909157846079e-18	7.34223186799372e-07
MonoNC	FKBPL	ENSG00000204315	rs3135391	6	32410987	G	A	-0.255808145138461	2.02405079151624e-15	7.34223186799372e-07
MonoNC	FKBPL	ENSG00000204315	rs8084	6	32411035	C	A	-0.28316439991712106	1.10909157846079e-18	7.34223186799372e-07
MonoNC	FKBPL	ENSG00000204315	rs7192	6	32411646	G	T	-0.286432244846633	4.26729452087176e-19	7.34223186799372e-07
MonoNC	FKBPL	ENSG00000204315	rs3129888	6	32411726	A	G	-0.217801304503492	1.7161449059307598e-11	7.34223186799372e-07
