CELL TYPE	GENE	GENE ID	SNP ID	CHR	POS	ASSESSED ALLELE	OTHER ALLELE	CORR COEF	P-VALUE	FDR
NKact	VARS	ENSG00000204394	rs2508015	6	31010200	A	G	0.198256286934927	4.80321360130563e-10	4.96744731234186e-07
NKact	VARS2	ENSG00000137411	rs2516417	6	31459636	G	C	0.190220896781256	2.3977744853375403e-09	4.96744731234186e-07
NKact	HMGN4	ENSG00000182952	rs9358934	6	26363755	C	G	-0.24386166259483602	1.3840778843612e-14	4.96744731234186e-07
NKact	ZNRD1-AS1	ENSG00000204623	rs3128913	6	29865395	G	A	0.2668786636902	2.8976874469846904e-17	4.96744731234186e-07
NKact	HMGN4	ENSG00000182952	rs9357006	6	26364628	C	A	-0.24386166259483602	1.3840778843612e-14	4.96744731234186e-07
NKact	HMGN4	ENSG00000182952	rs9379855	6	26364930	C	T	-0.24386166259483602	1.3840778843612e-14	4.96744731234186e-07
NKact	ZNRD1-AS1	ENSG00000204623	rs3094147	6	29865236	T	C	0.2668786636902	2.8976874469846904e-17	4.96744731234186e-07
NKact	ZNRD1-AS1	ENSG00000204623	rs3094660	6	29865058	C	A	0.2668786636902	2.8976874469846904e-17	4.96744731234186e-07
NKact	HMGN4	ENSG00000182952	rs28362606	6	26365586	C	T	-0.24386166259483602	1.3840778843612e-14	4.96744731234186e-07
NKact	HMGN4	ENSG00000182952	rs58825580	6	26365679	G	T	-0.23019776708978001	4.041572492621429e-13	4.96744731234186e-07
