CELL TYPE	GENE	GENE ID	SNP ID	CHR	POS	ASSESSED ALLELE	OTHER ALLELE	CORR COEF	P-VALUE	FDR
NKmat	HLA-A	ENSG00000206503	rs2523815	6	29840243	G	A	0.18514968925616498	5.05861287257394e-09	8.8861406738665e-07
NKmat	C2	ENSG00000166278	rs78633917	6	32501658	A	G	0.26930457735597196	8.88349470619635e-18	8.8861406738665e-07
NKmat	C2	ENSG00000166278	rs535195653	6	32453064	G	A	0.315683433473792	3.65765003598579e-24	8.8861406738665e-07
NKmat	C2	ENSG00000166278	rs550286428	6	32452407	T	C	0.31298871597832106	9.265945430485481e-24	8.8861406738665e-07
NKmat	C2	ENSG00000166278	rs2395200	6	32451888	G	A	0.24557913089134398	5.916237841052301e-15	8.8861406738665e-07
NKmat	C2	ENSG00000166278	rs13195237	6	32451730	G	A	0.24557913089134398	5.916237841052301e-15	8.8861406738665e-07
NKmat	C2	ENSG00000166278	rs12204922	6	32451613	C	A	0.288635617143373	2.6917234138645197e-20	8.8861406738665e-07
NKmat	C2	ENSG00000166278	rs6904140	6	32451049	A	G	0.247719724854284	3.38163071121415e-15	8.8861406738665e-07
NKmat	C2	ENSG00000166278	rs559017050	6	32448988	G	A	0.266206741196725	2.1565837262965e-17	8.8861406738665e-07
NKmat	C2	ENSG00000166278	rs77032877	6	32501811	C	T	0.321990686577372	3.9996045422030296e-25	8.8861406738665e-07
