CELL TYPE	GENE	GENE ID	SNP ID	CHR	POS	ASSESSED ALLELE	OTHER ALLELE	CORR COEF	P-VALUE	FDR
Plasma	XXbac-BPG299F13.17	ENSG00000272501	rs9261838	6	30381591	G	A	0.21026345640990898	2.14732300128124e-09	3.7879516156103704e-07
Plasma	VARS2	ENSG00000137411	rs2023609	6	30476034	C	A	0.298513866603847	7.94199405505695e-18	3.7879516156103704e-07
Plasma	VARS2	ENSG00000137411	rs2844719	6	30476183	T	C	0.298513866603847	7.94199405505695e-18	3.7879516156103704e-07
Plasma	VARS2	ENSG00000137411	rs2023608	6	30476185	A	G	0.298513866603847	7.94199405505695e-18	3.7879516156103704e-07
Plasma	VARS2	ENSG00000137411	rs996589	6	30477235	A	G	0.30064760591449	4.51923244020252e-18	3.7879516156103704e-07
Plasma	DHX16	ENSG00000204560	rs28397298	6	31207686	G	A	0.21182568644271202	1.62182181089478e-09	3.7879516156103704e-07
Plasma	DHX16	ENSG00000204560	rs3868082	6	31207692	G	A	0.22100735765864898	2.98179970514792e-10	3.7879516156103704e-07
Plasma	VARS2	ENSG00000137411	rs996588	6	30477256	A	G	0.30064760591449	4.51923244020252e-18	3.7879516156103704e-07
Plasma	VARS2	ENSG00000137411	rs2844718	6	30477276	C	T	0.30064760591449	4.51923244020252e-18	3.7879516156103704e-07
Plasma	VARS2	ENSG00000137411	rs2516648	6	30477709	A	G	0.298513866603847	7.94199405505695e-18	3.7879516156103704e-07
